{"COM5-AnswerTimeout": "500.0000", "COM4-Fast USB to Serial": "Disable", "Blackfly S BFS-U3-04S2M-TransposeMirrorX": "0", "COM3-Verbose": "1", "COM4-StopBits": "1", "Blackfly S BFS-U3-04S2M-TransposeMirrorY": "0", "COM5-DTR": "Disable", "COM5-DelayBetweenCharsMs": "0.0000", "NeonLight-QueryState-closed-response": "", "Core-Shutter": "StepperShutter", "COM3-Description": "Serial port driver (boost:asio)", "COM4-Description": "Serial port driver (boost:asio)", "Blackfly S BFS-U3-04S2M-Serial Number": "23332966", "XYStage-StepSizeX_um": "1.0000", "COM5-Description": "Serial port driver (boost:asio)", "ChannelIndex": 0, "StepperShutter-Close-command": "<CLS>", "Blackfly S BFS-U3-04S2M-Trigger Activation": "", "Core-AutoShutter": "0", "NeonLight-Shutdown-command": "", "Blackfly S BFS-U3-04S2M-User Output Value": "0", "COM3-DTR": "Disable", "SliceIndex": 0, "Position": "Default", "PixelSize_um": 0, "StepperShutter-Close-response": "<ACK>", "CameraChannelIndex": 0, "Exposure": 5000, "COM5-StopBits": "1", "NeonLight-Open-response": "<ACK>", "Blackfly S BFS-U3-04S2M-TransposeXY": "0", "COM4-DelayBetweenCharsMs": "0.0000", "Blackfly S BFS-U3-04S2M-Trigger Source": "Software", "XYStage-MaxSpeed": "100", "NeonLight-Response detection": "Ignore responses", "PixelSizeUm": 0, "Blackfly S BFS-U3-04S2M-Line Inverter": "0", "Blackfly S BFS-U3-04S2M-Line Selector": "Line0", "StepperShutter-Response detection": "Ignore responses", "Blackfly S BFS-U3-04S2M-Trigger Overlap": "Off", "COM5-DataBits": "8", "Core-ChannelGroup": "", "COM4-Verbose": "1", "StepperShutter-Open-command": "<OPE>", "Frame": 0, "COM4-Name": "COM4", "NeonLight-Initialize-command": "<RES>", "Core-ImageProcessor": "", "StepperShutter-Initialize-response": "<INI>", "Core-Camera": "Blackfly S BFS-U3-04S2M", "StepperShutter-QueryState-command": "", "NeonLight-State": "0", "StepperShutter-Open-response": "<ACK>", "COM5-Name": "COM5", "COM3-StopBits": "1", "NeonLight-Shutdown-response": "", "Axes": {"avg_index": 3, "position": "F4-Site_8", "time": 0}, "StepperShutter-QueryState-open-response": "", "COM5-BaudRate": "9600", "Width": 2048, "Blackfly S BFS-U3-04S2M-Trigger Mode": "Off", "COM3-DataBits": "8", "StepperShutter-Command mode": "ASCII-LF-terminator", "Blackfly S BFS-U3-04S2M-Line Source": "Off", "StepperShutter-State": "0", "NeonLight-Initialize-response": "<INI>", "NeonLight-QueryState-open-response": "", "Blackfly S BFS-U3-04S2M-Trigger Delay": "24.0000", "COM3-BaudRate": "9600", "PixelSizeAffine": "0.0;0.0;0.0;0.0;0.0;0.0", "COM5-Verbose": "1", "Core-Initialize": "1", "Blackfly S BFS-U3-04S2M-Frame Rate": "26.4846", "BitDepth": 16, "Core-AutoFocus": "", "NeonLight-Close-response": "<ACK>", "NeonLight-Open-command": "<OPE>", "COM4-Handshaking": "Off", "Blackfly S BFS-U3-04S2M-Trigger Selector": "FrameStart", "COM5-Handshaking": "Off", "XYStage-Port": "COM5", "COM3-Handshaking": "Off", "Blackfly S BFS-U3-04S2M-Black Level": "5.8600", "XYStage-TransposeMirrorX": "0", "PositionName": "F4-Site_8", "XYStage-TransposeMirrorY": "0", "Core-TimeoutMs": "5000", "Channel": "Default", "Blackfly S BFS-U3-04S2M-Binning": "1", "NeonLight-Port": "COM4", "ROI": "0-546-2048-282", "YPosition_um_Intended": 43580, "XYStage-StepSizeY_um": "1.0000", "StepperShutter-Shutdown-response": "", "COM3-Parity": "None", "Blackfly S BFS-U3-04S2M-Gamma": "1.0000", "Slice": 0, "COM4-BaudRate": "9600", "COM4-DTR": "Disable", "Core-Galvo": "", "StepperShutter-Initialize-command": "<RES>", "NeonLight-Close-command": "<CLS>", "NeonLight-QueryState-command": "", "Blackfly S BFS-U3-04S2M-ADC Bit Depth": "Bit12", "COM3-Fast USB to Serial": "Disable", "COM4-DataBits": "8", "COM5-Fast USB to Serial": "Disable", "COM5-Parity": "None", "StepperShutter-QueryState-closed-response": "", "Blackfly S BFS-U3-04S2M-Gain Auto": "Off", "Blackfly S BFS-U3-04S2M-Test Pattern": "Off", "Blackfly S BFS-U3-04S2M-Exposure Mode": "Timed", "Time": "2025-05-08 10:34:59 -", "Blackfly S BFS-U3-04S2M-Pixel Format": "Mono16", "XPosition_um_Intended": 30736, "Blackfly S BFS-U3-04S2M-Exposure Auto": "Off", "XYStage-Description": "Prior XY stage driver adapter", "Binning": "1", "Core-XYStage": "XYStage", "Blackfly S BFS-U3-04S2M-Reverse Y": "0", "Blackfly S BFS-U3-04S2M-Frame Rate Control Enabled": "1", "Blackfly S BFS-U3-04S2M-TransposeCorrection": "0", "Height": 282, "COM3-AnswerTimeout": "500.0000", "PixelType": "GRAY16", "COM3-DelayBetweenCharsMs": "0.0000", "NeonLight-Command mode": "ASCII-LF-terminator", "Blackfly S BFS-U3-04S2M-Gain": "0.0000", "XYStage-Acceleration": "75", "COM4-AnswerTimeout": "500.0000", "Blackfly S BFS-U3-04S2M-Reverse X": "1", "Blackfly S BFS-U3-04S2M-Gamma Enabled": "1", "Core-SLM": "", "ElapsedTime-ms": 2241687, "COM3-Name": "COM3", "Blackfly S BFS-U3-04S2M-Line Mode": "Input", "Blackfly S BFS-U3-04S2M-User Output Selector": "UserOutput0", "StepperShutter-Port": "COM3", "Core-Focus": "", "COM4-Parity": "None", "PositionIndex": 0, "FrameIndex": 0, "StepperShutter-Shutdown-command": "", "Calibration": {"Applied": true, "ExcitationWavelength": 532.0}, "Number of averages": 4, "Stage position file": "C:/Users/galog/autoopenraman/data/20250508/5x5_E1throughH4.pos", "DateTime": "2025-05-08 10:34:59", "Timelapse": {"NumTimePoints": 1, "TimeIntervalSeconds": 0}, "Processing": {"MedianFilter": {"Applied": false, "KernelSize": 3}, "ReverseX": false}}